keyword,Q
citizen science,Q1093434
american pika,Q469908
distribution,Q225802
glacier national park,Q345739
inter-rater reliability,Q470749
american pika,Q469908
professional,Q702269
volunteering,Q188844
monitoring,Q2143522
invasive species,Q183368
governance,Q1553864
data collection,Q4929239
facilitation,Q2850039
data quality,Q1757694
learning,Q133500
chromaticity,Q5069880
color of water,Q5148636
optical properties,Q55643261
open access,Q232932
engagement,Q157512
ethics,Q9465
social learning,Q16883509
social responsibility,Q3427818
geographic information system,Q483130
deer–vehicle collisions,Q5250686
taxonomy,Q7689676
inventory,Q815410
parataxonomy,Q3363687
sampling bias,Q2725298
tech,Q3516794
citizen science,Q1093434
policy,Q1156854
planning,Q309100
wildfire,Q169950
crowdsourcing,Q275969
agricultural extension,Q4693964
agroecology,Q396338
sustainable agriculture,Q2751054
technology transfer,Q1061910
community-based monitoring,Q5154592
australia,Q408
marine protected area,Q1367500
participation,Q1178827
open data,Q309901
democracy,Q7174
accessibility,Q555097
autonomy,Q484105
climate change,Q7942
network,Q20830730
science,Q336
adaptation,Q483921
semi-structured interview,Q1477475
traditional knowledge,Q1428168
communication,Q11024
bias,Q742736
scientific literacy,Q2064596
coordination,Q399555
public participation,Q541936
tape bias,Q2429654
web 2.0,Q131164
neogeography,Q1674119
location-based service,Q1198122
heritage,Q415651
network mapping,Q17104660
national park,Q46169
united states virgin islands,Q11703
urban ecology,Q1430301
secondary school,Q159334
mars,Q111
pilbara,Q1362696
scientific literacy,Q2064596
virtual field trip,Q7935099
environmental impact assessment,Q320389
environmental degradation,Q1334780
classification,Q1744625
mapping,Q358007
place attachment,Q17162680
sense of place,Q7450999
flood,Q8068
resilience,Q527605
floodplain,Q193110
regime shift,Q7308372
tisza,Q134350
environmental resource management,Q929380
stewardship,Q1543547
big data,Q858810
crowdsourcing,Q275969
authority,Q174834
content curation,Q3007618
digital curation,Q5276060
social technology,Q2622873
public participation,Q541936
advocacy,Q2509280
island restoration,Q4973683
governance,Q1553864
social computing,Q615684
algorithm,Q8366
camera calibration,Q5026007
webcam,Q29576
group decision-making,Q388791
data management,Q1149776
remote sensing,Q199687
accuracy and precision,Q272035
automation,Q184199
usability,Q216378
digitization,Q843958
earth observation,Q1348989
privacy,Q188728
food presentation,Q3480053
gastrophysics,Q20202447
electronic assessment,Q3269883
plating,Q1193988
preference,Q908656
triangle,Q19821
vision,Q1714531
volunteered geographic information,Q933625
openstreetmap,Q936
spatial analysis,Q1938983
demography,Q37732
geocaching,Q14930
ubiquitous computing,Q541265
training,Q918385
applied ecology,Q3737629
planetary management,Q7201247
transdisciplinarity,Q249542
digital divide,Q244752
social justice,Q264892
brazil,Q155
integration,Q224621
assessment,Q741306
content discovery platform,Q5165064
emergency management,Q1460420
interoperability,Q749647
quality assurance,Q836575
geoweb,Q2396610
borderland,Q444246
mashup,Q299213
osm,Q296066
model transformation,Q258040
rule,Q230037
validation,Q506993
data visualization,Q6504956
land use,Q1165944
land cover,Q3001793
gamification,Q1067402
availability,Q384871
presentation layer,Q215121
digital elevation model,Q640492
global positioning system,Q18822
kalman filter,Q846780
cadastre,Q191072
wisdom of the crowd,Q1753943
application,Q294834
amateur,Q455595
internet of things,Q251212
sensor,Q167676
smart city,Q1231558
e-governance,Q15118772
data assimilation,Q2670177
hydrological model,Q1586683
conservation,Q342041
hotspot,Q224674
threatened species,Q16197023
participatory sensing,Q7140460
collective behavior,Q2548752
system usability scale,Q17146354
exposure,Q210027
geovisualization,Q58300
protected area,Q473972
civil society,Q181865
toronto,Q172
green belt,Q1552255
greenspace,Q5604552
ontario,Q1904
rouge river,Q1183106
raptor,Q137956
active management,Q4677563
montagu's harrier,Q26574
evidence-based conservation,Q21015695
sustainability,Q219416
youtube,Q866
internet,Q75
online encyclopedia,Q615699
people power,Q7166006
road,Q34442
adjustment,Q41441174
vector,Q451968
landscape planning,Q246107
protected area,Q473972
collaborative mapping,Q5145844
digital mapping,Q4115141
mashup (music),Q48445
acoustics,Q82811
hippocampus,Q48360
background noise,Q1371624
aquarium,Q45782
seahorse,Q74363
biodiversity,Q47041
data sharing,Q5227350
identification,Q407776
informatics,Q4027615
cyberinfrastructure,Q1450531
odonata,Q25375
jags,Q6107628
detection,Q5720030
fourier analysis,Q1365258
mediterranean sea,Q4918
bioacoustics,Q864191
genomics,Q222046
activism,Q203764
drone,Q298743
eviction,Q1893186
rio de janeiro,Q8678
research design,Q1438035
amazon,Q456120
satellite imagery,Q725252
survey,Q1510180
landsat 8,Q6485036
river,Q4022
cart,Q234668
hand,Q33767
cloud computing,Q483639
berkeley open infrastructure for network computing,Q209563
spectral energy distribution,Q7575187
quality assurance,Q836575
black snub-nosed monkey,Q1204873
environmental monitoring,Q1749732
environmental governance,Q3039637
conceptual framework,Q13600188
land administration,Q17093254
responsibility,Q1274115
restriction,Q343228
rights,Q780687
europe,Q46
collaboration,Q1145523
public,Q2388316
framework,Q1289773
data analysis,Q1988917
object detection,Q3045304
social media,Q202833
twitter,Q918
germany,Q183
disaster,Q3839081
relevance,Q1074648
crisis,Q381072
emergency management,Q1460420
flood,Q8068
south america,Q18
language identification,Q1050419
latin america,Q12585
completeness,Q178518
constrained optimization,Q5164377
ebird,Q5322614
reliability,Q2397719
marine protected area,Q1367500
fishery,Q180538
sustainable products,Q7649686
bat,Q28425
species distribution,Q250388
bat,Q28425
muzarabani district,Q1956185
risk management,Q189447
ecosystem approach,Q2858927
approach,Q4781711
land tenure,Q66493932
olive,Q37083
soil erosion,Q889503
place,Q1794067
conservation status,Q82673
gall wasp,Q640774
gall wasp,Q640774
adaptive management,Q4680750
landscape,Q107425
forest management,Q372561
butterfly count,Q17512985
missing data,Q6878417
seasonality,Q2111082
data integration,Q386824
empowerment,Q868575
e-participation,Q1273235
sdi,Q227898
soa,Q16873171
urban planning,Q69883
systems science,Q2167061
alan turing,Q7251
collective motion,Q24755076
rock art,Q1211146
spatial decision support system,Q7574057
participatory gis,Q7140441
matching,Q234537
linked data,Q515701
point of interest,Q960648
abundance,Q336007
cape parrot,Q569157
cape parrot,Q569157
annotation,Q857525
digital humanities,Q1026962
transcription,Q223868
observability,Q1369844
survey (human research),Q7257997
species distribution modelling,Q5381340
biological recording,Q23579256
health,Q12147
hedgehog,Q6120
well-being,Q7981051
california,Q99
bioregionalism,Q864686
geomatics,Q619798
social science,Q34749
geomatics,Q619798
virtual,Q3436572
deepwater horizon,Q212975
oil spill,Q220187
complexity,Q723897
mathematical optimization,Q141495
strategy,Q185451
public awareness of science,Q7257698
glaciology,Q52120
expert,Q381160
behavior,Q9332
united states,Q30
amateur,Q455595
club,Q182949
paleontology,Q7205
professional,Q702269
society,Q8425
united kingdom,Q145
britain,Q4798430
ownership,Q6498684
value (ethics),Q194112
smartphone,Q22645
wildland–urban interface,Q8001280
cadastral surveying,Q1735630
construction,Q385378
microsoft silverlight,Q489048
education,Q8434
space,Q107
outreach,Q11640
blog,Q30849
cmos,Q173431
visual monitoring camera,Q21027959
operation,Q209577
vmc,Q403268
website,Q35127
genetics,Q7162
mark and recapture,Q796147
atlantic tarpon,Q756975
tarpon,Q1759766
scenic route,Q1406331
viewshed analysis,Q7928833
community,Q177634
activity,Q241636
contribution,Q237302
database,Q8513
public participation,Q541936
vector,Q451968
author,Q482980
editing,Q194105
history,Q309
impact factor,Q5330
referee,Q202648
learned society,Q955824
birdwatching,Q685629
birdwatching,Q685629
conservation behavior,Q24960282
hunting,Q36963
recreation,Q184872
clustering,Q2980410
quality,Q298413
artificial neural network,Q192776
genetic algorithm,Q187787
phenology,Q272737
protocol,Q1584993
lepidoptera,Q28319
cameroon,Q1009
good governance,Q1345314
breeding bird survey,Q4960281
bbs,Q230674
cbc,Q225644
christmas bird count,Q836563
peregrine falcon,Q30535
management,Q2920921
peregrine falcon,Q30535
population viability analysis,Q655530
united states,Q30
geo-wiki,Q5533879
agricultural land,Q3395383
computer vision,Q844240
geographic data and information,Q5915793
drinking water,Q7892
geochemistry,Q161764
source water protection,Q4193795
bolivia,Q750
hydrology,Q42250
augmented reality,Q254183
coverage,Q5179215
language,Q315
aurora,Q40609
alert messaging,Q4716233
cadastre,Q191072
citizen science,Q1093434
basking shark,Q185260
basking shark,Q185260
marine vertebrate,Q6764316
neoliberalism,Q162719
politics,Q7163
community organizing,Q25866
rich,Q421706
environmental education,Q948732
dna barcoding,Q1154642
genome,Q7020
mitochondrion,Q39572
massive parallel sequencing,Q6784807
chloroplast dna,Q3182853
semantic web,Q54837
biodiversity loss,Q18466271
digital photography,Q173095
database,Q8513
parataxonomy,Q3363687
identification (biology),Q2039217
tropical forest,Q1048194
evidence-based practice,Q2354820
freshwater fish,Q1072742
knowledge transfer,Q2586354
quality control,Q827792
design of experiments,Q2334061
bird,Q5113
management,Q2920921
wildlife corridor,Q864912
conservation biology,Q641498
development,Q340724
tropics,Q42530
environmental justice,Q1479527
natural resource management,Q3743137
cultural competence,Q5193268
research,Q42240
flickr,Q103204
online database,Q7094076
survival,Q398847
air pollution,Q131123
biomonitoring,Q864610
lichen,Q43142
opal,Q171058
literary tourism,Q957817
mashup,Q299213
crisis mapping,Q13476292
google maps,Q12013
technology,Q11016
redd,Q734395
guyana,Q734
indigenous,Q10898697
safeguard,Q3271761
invasive species,Q183368
camera trap,Q1723004
coyote,Q44299
cat,Q146
science education,Q2485457
groundwater,Q161598
sna,Q437258
social capital,Q214693
mediterranean sea,Q4918
spearfishing,Q765706
cyanobacteria,Q93315
quagga mussel,Q2121978
zebra mussel,Q752130
microcystin,Q424720
microcystis,Q309928
public participation,Q541936
environmental governance,Q3039637
flood risk management,Q60793879
road ecology,Q7339486
roadkill,Q1324130
opportunism,Q334173
scan,Q417888
public health surveillance,Q821775
systematic,Q16884132
public engagement,Q7257735
acer pseudoplatanus,Q156944
nitrogen dioxide,Q207895
rhytisma acerinum,Q163458
rhytisma acerinum,Q163458
risk management,Q189447
science gateway,Q48996104
open source,Q3644502
phytophthora ramorum,Q3382075
computational science,Q117801
distributed computing,Q180634
stem,Q346340
recruitment,Q899277
care.data,Q48770263
citizenship,Q42138
precision medicine,Q17075943
indicator,Q226621
history,Q309
astronomy,Q333
visualization,Q1696827
catalog,Q64221206
morphology,Q178224
telescope,Q4213
machine learning,Q2539
cognition,Q2200417
dog,Q144
highway,Q269949
transport,Q7590
roadkill,Q1324130
meris,Q6819504
integrated coastal zone management,Q1619791
environment,Q1572519
water quality,Q625376
hunting,Q36963
inuit,Q189975
chassé,Q1783123
vulnerability,Q1178984
butterfly,Q11946202
traditional ecological knowledge,Q7832334
arctic,Q25322
beaufort sea,Q131274
cree,Q117191
hudson bay,Q3040
inuvialuit,Q4811101
flavor,Q4173974
decision support system,Q330268
public land,Q3034648
active learning,Q1542052
children's geographies,Q5098254
integrated geography,Q2634092
volunteering,Q188844
reforestation,Q815818
user-generated content,Q579716
school,Q3914
model,Q234018
segregation,Q298813
ecosystem service,Q295865
ghana,Q117
mangrove restoration,Q17156315
community,Q177634
philippines,Q928
early warning system,Q5326904
flood,Q8068
geomorphology,Q52109
precipitation,Q25257
motivation,Q644302
open-source software,Q1130645
canada,Q16
boreal,Q400293
photogrammetry,Q190149
biometrics,Q177765
craft production,Q380342
geomorphometry,Q3123516
lexical definition,Q7187657
semantic similarity,Q2268914
wordnet,Q533822
ontology engineering,Q1027508
haxe,Q285886
mechanical turk,Q2778695
perception,Q160402
coral reef fish,Q12216807
coral reef,Q11292
saltwater fish,Q5364423
social practice (art),Q18378933
spectacle,Q224530
geographic information science,Q3537694
environmental sociology,Q2167019
quality of life,Q13100823
sensing,Q16882964
urban area,Q702492
arundo donax,Q161114
texas,Q1439
disaster informatics,Q5281349
human-based computation,Q843106
disaster,Q3839081
crowdsourcing,Q275969
information management,Q579488
civil defense,Q852008
critical infrastructure,Q373338
emergency management,Q1460420
cascade tax,Q5048193
crowd control,Q1872073
domino effect,Q682875
evacuation,Q3592681
instability,Q405372
systemic risk,Q1369234
citizen science,Q1093434
dynamics,Q30085855
scholarly communication,Q7432048
funding,Q6055890
open innovation,Q1469997
problem solving,Q730920
payment,Q1148747
public health,Q189603
community-based participatory research,Q5154595
health services research,Q2518253
individualized medicine,Q85769357
medicine,Q11190
personalized medicine,Q2072214
preventive healthcare,Q1773974
world wide web,Q466
the wisdom of crowds,Q13417291
social exclusion,Q5853064
web 2.0,Q131164
santa barbara,Q956878
wildfire,Q169950
breast cancer,Q128581
health communication,Q4353774
social networking service,Q3220391
instructional design,Q667334
citizen science,Q1093434
model,Q234018
geographic data and information,Q5915793
geographic data and information,Q5915793
binary file,Q218013
commons-based peer production,Q1116275
digital commons (elsevier),Q5275819
wikimapia,Q187491
zooniverse,Q2656157
blog,Q30849
computer,Q68
metric,Q235660
online and offline,Q10928179
sap successfactors,Q7632539
state (polity),Q7275
syria,Q858
herbivore,Q59099
linaria,Q156692
mecinus,Q14923710
self-regulation,Q4406861
pollination,Q134624
behavioral plasticity,Q23579196
mutualism (biology),Q186368
nestedness,Q6997828
epidemiology,Q133805
aedes aegypti,Q1148004
aedes albopictus,Q477918
human–computer interaction,Q207434
robotics,Q170978
species complex,Q1297859
traditional knowledge,Q1428168
stakeholder,Q7597144
list of social networking websites,Q931685
sensor web,Q7451089
serious game,Q1506693
sociology of scientific knowledge,Q981008
nature conservation,Q628403
impact,Q400416
impact assessment,Q6005872
systematic review,Q1504425
bibliometrics,Q603441
meta-analysis,Q815382
innovation,Q174165
epistemology,Q9471
intervention,Q365681
climate,Q7937
vegetation,Q187997
participatory monitoring,Q22907629
decision-making,Q1331926
experiment,Q101965
social class,Q187588
survey data collection,Q7647069
common myna,Q116667
colonization,Q815962
common myna,Q116667
extinction,Q123509
community of practice,Q936635
communities of innovation,Q5154585
atlas,Q162827
botany,Q441
ant,Q7386
diversity,Q342755
urban ecosystem,Q2067951
beach evolution,Q4875777
pedagogy,Q7922
alaska,Q797
human capital,Q165687
metacognition,Q1126970
systems theory,Q269699
participatory democracy,Q310988
diversity index,Q1230601
wader,Q26226431
species richness,Q17146659
frame,Q294490
framing,Q1086732
land-use planning,Q60738778
observation,Q193181
best practice,Q830382
crowdsourcing,Q275969
marine life,Q1230015
scuba diving,Q1096878
intelligent transportation system,Q508378
community engagement,Q5154950
urban informatics,Q28130265
design education,Q3467934
environmental health,Q932068
health care,Q31207
police,Q35535
arduino,Q175957
buoy,Q30026
do it yourself,Q26384
light,Q9128
oceanography,Q43518
graphic design,Q185925
biosafety,Q864713
democratization,Q1064441
synthetic biology,Q862838
bird,Q5113
swot analysis,Q175096
bee,Q7391
apoidea,Q324132
arthropod,Q1360
harvest,Q213753
interview,Q178651
game,Q11410
collective intelligence,Q432197
sociotechnical system,Q1639361
mass collaboration,Q2748728
problem solving,Q730920
ecological genetics,Q295031
evolutionary biology,Q840400
population genetics,Q31151
hawaii,Q782
citizen science,Q1093434
community structure,Q5155065
theory,Q17737
interdisciplinarity,Q849359
synthesis,Q223842
wonder,Q73434
france,Q142
habitat fragmentation,Q913302
history,Q309
migration,Q1932583
data validation,Q3306762
inverse distance weighting,Q1430701
traffic collision,Q9687
dna sequencing,Q380546
genetic privacy,Q28136929
informed consent,Q764527
photograph,Q125191
marking,Q2754261
bongo (antelope),Q193400
gender,Q48277
census,Q39825
nomad,Q128393
parrot,Q31431
cartography,Q42515
application,Q294834
google maps,Q12013
new media,Q683794
software studies,Q7554370
environmental informatics,Q4591707
science education,Q2485457
m-learning,Q1068077
collaborative learning,Q2349659
inquiry-based learning,Q3623716
scenario planning,Q1931373
catalog,Q64221206
survey,Q1510180
web service,Q193424
recaptcha,Q188054
crowdmapping,Q28137119
ushahidi,Q2357100
geoweb,Q2396610
social theory,Q1990987
co-citation,Q1785764
street network,Q358078
data curation,Q15088675
provenance,Q1773840
tag,Q224745
folksonomy,Q494291
metadata,Q180160
mobile device,Q5082128
agent-based model,Q392811
haiti,Q790
global change,Q737514
cityscape,Q1935974
transect,Q1447141
corridor,Q2997946
green infrastructure,Q3427027
fukushima,Q230656
adaptive capacity,Q3738275
nomad,Q128393
pastoralist,Q7143063
poverty,Q10294
poverty reduction,Q1824165
landscape ecology,Q738011
participatory planning,Q7140457
new zealand,Q664
amphibian,Q10908
chytridiomycosis,Q1090290
leiopelma,Q55477
litoria,Q148916
amphibian,Q10908
hierarchical database model,Q871236
horseshoe crab,Q1329239
atlantic horseshoe crab,Q1133152
trend analysis,Q7838279
calibration,Q736777
linus's law,Q189286
google map maker,Q1138257
rural development,Q3773637
urban renewal,Q920600
edna,Q450524
ontology,Q44325
equatorial guinea,Q983
public participation (decision making),Q1773152
tropical forest,Q1048194
sustainability,Q219416
south american tapir,Q220271
white-lipped peccary,Q756073
open science,Q309823
amateur astronomy,Q560575
observation,Q193181
galaxy morphological classification,Q1648748
planetary science,Q104499
visual inspection,Q448889
smartphone,Q22645
biodiversity informatics,Q864269
frida,Q35738
tablet,Q298745
mobile,Q228924
wayfinding,Q2285099
introduced species,Q1065449
procedural justice,Q442100
outcome,Q7111908
natural resource,Q188460
geomatics,Q619798
developing country,Q177323
sewerage,Q156849
water supply,Q1061108
bioblitz,Q2904016
crustacean,Q25364
ostracod,Q276412
subarctic,Q1342399
zooplankton,Q842627
social movement,Q49773
credibility,Q1530061
critical making,Q17009392
technoscience,Q592230
verification,Q1194824
voucher,Q689044
environmental policy,Q919526
climate change mitigation,Q898653
forest inventory,Q1423188
golden eagle,Q41181
golden eagle,Q41181
coast,Q93352
sea level rise,Q841083
stream,Q47521
research,Q42240
lake,Q23397
michigan,Q1166
partnership,Q728646
knowledge integration,Q6423376
afar region,Q193494
cryptostegia grandiflora,Q135531
ethiopia,Q115
maxent,Q1913757
risk assessment,Q1058438
cryptostegia grandiflora,Q135531
wildland–urban interface,Q8001280
cognitive map,Q1778434
bayesian network,Q812540
key,Q242186
api,Q165194
environmental planning,Q15473274
koala,Q36101
urban wildlife,Q5093648
johannesburg,Q34647
experience,Q164359
constructivism (philosophy of education),Q857647
participatory technology development,Q7140463
watershed management,Q4387041
environmental flow,Q2259545
tanzania,Q924
biogeography,Q52106
zanzibar,Q1774
urban area,Q702492
internet activism,Q1147114
feminism,Q7252
social movement,Q49773
decision-making,Q1331926
data-intensive computing,Q5227096
geography,Q1071
archaeology,Q23498
finnmark,Q50632
first nations,Q392316
sami,Q925943
chimney swift,Q912863
habitat destruction,Q552431
louisiana waterthrush,Q1300609
disaster risk reduction,Q5281359
mexico,Q96
tropical cyclone,Q8092
veracruz,Q60130
marine conservation,Q1916831
customary land,Q5196418
landscape assessment,Q6485078
alps,Q1286
sustainable tourism,Q1344240
aerosol,Q104541
polarimetry,Q899381
spatial planning,Q149013
habitat fragmentation,Q913302
seascape,Q7441810
georgia,Q4962
catch and release,Q588332
recreational fishing,Q283534
stakeholder,Q7597144
crime mapping,Q570857
political ecology,Q1554076
bumblebee,Q25407
transparency,Q16104096
communicative planning,Q28135926
land-use planning,Q60738778
opportunity cost,Q185715
geographic information system,Q483130
observational error,Q196372
multi-user software,Q876057
consensus decision-making,Q188577
habitat,Q52105
restoration,Q3933541
bellbird,Q815813
contaminants of emerging concern,Q155366
preventive healthcare,Q1773974
health,Q12147
fieldnotes,Q1335979
melanoplinae,Q607095
melanoplus,Q6811522
museum,Q33506
rediscovery,Q3422994
sample size determination,Q2564360
economies of scale,Q5970087
vessel monitoring system,Q1317785
bee,Q7391
spatial distribution,Q7574061
health effects of sunlight exposure,Q5690942
social media mining,Q25048441
community-based monitoring,Q5154592
mobile phone,Q17517
mobile app,Q620615
affective computing,Q1185804
perceptual computing,Q7167040
therapeutic relationship,Q3424027
runoff,Q7380094
air quality index,Q2364111
uncertainty,Q13649246
humanitarianism,Q775858
botany,Q441
cost-effectiveness analysis,Q1754768
invertebrate,Q43806
bioindicator,Q864438
minimally invasive procedure,Q1755504
scarabaeinae,Q2412715
dengue fever,Q30953
vector (epidemiology),Q107994
pc game,Q4485157
foldit,Q581771
non-governmental organization,Q79913
wildlife observation,Q8001347
the adecco group,Q353494
deciduous,Q1131316
species richness,Q17146659
urbanization,Q161078
cat,Q146
lotka–volterra equations,Q150052
qualitative research,Q839486
isomorphism,Q189112
democratization,Q1064441
hacker culture,Q3083944
philosophy of technology,Q279438
cyberspace,Q204606
genre studies,Q5533546
actor–network theory,Q421953
biodiversity,Q47041
ecosystem management,Q5333882
macroecology,Q1886501
scientific communication,Q18244815
digital data,Q173285
web application,Q189210
census,Q39825
great britain,Q23666
canyon wren,Q776497
canyon wren,Q776497
photography,Q11633
hydroacoustics,Q12822313
cosmology,Q338
weak,Q15883891
damselfly,Q230502
dragonfly,Q80066
new york (state),Q1384
temperate forest,Q3079197
conflict resolution,Q1194317
resource management,Q14431238
measurement,Q12453
design,Q82604
human factors and ergonomics,Q1750812
clinical research,Q5133849
experiment,Q101965
information quality,Q3412851
quality management,Q757012
geodesign,Q5533986
content analysis,Q653137
discourse,Q190539
newness,Q28212128
butterfly,Q11946202
life history,Q6545098
interdisciplinarity,Q849359
veterinary medicine,Q170201
science,Q336
inquiry-based learning,Q3623716
open educational resources,Q116781
continuing education,Q828748
portal,Q227739
public awareness of science,Q7257698
science,Q336
location-based service,Q1198122
web crawler,Q45842
economic geography,Q187097
filadelfia,Q733744
philadelphia,Q1345
urban agriculture,Q1194826
bayesian inference,Q812535
ecology,Q7150
environmental science,Q188847
nutrient cycle,Q7070482
mark and recapture,Q796147
photo identification,Q2899617
agriculture,Q11451
automated airport weather station,Q4826440
participatory action research,Q7140444
pesticide drift,Q7171494
registry,Q847805
exome sequencing,Q5420592
whole genome sequencing,Q2068526
low technology,Q786887
site-specific,Q7531728
madagascar,Q1019
fish,Q152
lemur,Q1192405
water bird,Q3303681
wetland,Q170321
scenario,Q1090839
water resource management,Q1501619
amazonas,Q207944
participatory management,Q7140451
ecosystem-based management,Q5333878
traditional knowledge,Q1428168
switzerland,Q39
environmental anthropology,Q5381194
natural hazard,Q3433179
china,Q148
perception,Q160402
social change,Q1510761
yunnan,Q43194
malaria,Q12156
multiple-criteria decision analysis,Q1895805
commons,Q9828451
saga pedo,Q517920
aborigine,Q2010368
catch and release,Q588332
fisheries co-management,Q18355505
lake trout,Q469946
fishing,Q14373
face detection,Q11681085
psychology,Q9418
psychometrics,Q506132
psychophysics,Q500096
regularization,Q421316
support vector machine,Q282453
computer vision,Q844240
entomology,Q39286
hemiptera,Q26371
macro photography,Q272444
emerging technologies,Q120208
planetary system,Q206717
volunteering,Q188844
play,Q397813
gaming,Q533967
motivation,Q644302
practice,Q3401405
social networking service,Q3220391
diegesis,Q1790314
narrative,Q1318295
story,Q958511
arsenic,Q871
bangladesh,Q902
pragmatism,Q126692
south asia,Q771405
water,Q283
pcbs,Q7118505
plastic,Q11474
science communication,Q472328
angus,Q234103
building code,Q2333573
storm,Q81054
tornado,Q8081
asteroid,Q3863
minor planet,Q1022867
southern hawker,Q505187
checklist,Q922625
dragonfly,Q80066
generalized linear model,Q1501882
fisheries management,Q5454893
karnataka,Q1185
benchmark,Q577395
google street view,Q213602
digital camera,Q62927
low technology,Q786887
stage,Q360797
streamflow,Q29425295
urban planning,Q69883
hurricane katrina,Q16422
new orleans,Q34404
web mapping,Q649186
local government,Q6501447
energy efficiency,Q5377042
error,Q29485
media,Q1727518
database,Q8513
natural disaster,Q8065
crisis management,Q1141276
earthquake,Q7944
toponym resolution,Q65089687
spatial analysis,Q1938983
intelligent systems,Q150001
natural language processing,Q30642
nlp,Q227935
real-time computing,Q3988
cost-effectiveness analysis,Q1754768
return on investment,Q939134
social research,Q58327829
spatial database,Q2302053
food,Q2095
reflexivity,Q21072833
farmer,Q131512
national forest,Q6972762
drought,Q43059
water table,Q3342272
water availability,Q20812528
spatial data infrastructure,Q1502855
planthopper,Q1570985
indonesia,Q252
fulgoridae,Q1955506
malaysia,Q833
fulgoridae,Q1955506
planthopper,Q1570985
japan,Q17
biometeorology,Q864590
disease management,Q5282124
questionnaire,Q747810
risk factor,Q1475848
tuberculosis,Q12204
ionizing radiation,Q186161
public relations,Q133080
routing,Q22725
shortest path problem,Q1058754
clinical trial,Q30612
public health,Q189603
data mining,Q172491
geographic information system,Q483130
semantic computing,Q7449051
wireless sensor network,Q336038
mashup (web application hybrid),Q821080
mobile app,Q620615
android,Q512469
marine debris,Q463960
light-emitting diode,Q25504
photometer,Q690868
seawater,Q184395
quantified self,Q1337542
microbiome,Q98945333
self-experimentation,Q1777105
quantified self,Q1337542
building model,Q4986600
aggregate demand,Q1801078
geographic information system,Q483130
semantic interoperability,Q5258530
second life,Q106827
virtual world,Q444835
grid computing,Q249999
supercomputer,Q121117
bark beetle,Q720458
resistance,Q22114637
tactic,Q354906
global positioning system,Q18822
app,Q59350
data logger,Q1172468
georeferencing,Q772007
sampling (statistics),Q49908
emergency service,Q814610
emergent organization,Q5370766
python,Q747452
south africa,Q258
environmental movement,Q8189417
network analysis,Q1414211
map,Q4006
conservation science,Q16769704
information bias,Q6031002
knowledge gap hypothesis,Q1481327
exploratory data analysis,Q1322871
sampling bias,Q2725298
semiparametric model,Q7449607
spacetime,Q133327
survey methodology,Q814232
allergic rhinitis,Q272436
pollen,Q79932
baccharis pilularis,Q1028765
eriogonum fasciculatum,Q153347
quercus lobata,Q1377986
sambucus nigra,Q22701
problem-based learning,Q1060990
undergraduate education,Q1430192
urban density,Q2069949
evolution,Q1063
exploration,Q6502154
hidden markov model,Q176769
software package,Q1176855
linear model,Q3339222
statistical inference,Q938438
additive model,Q4681344
critical cartography,Q5186702
microfinance,Q926217
web mapping,Q649186
human–computer interaction,Q207434
emissivity,Q899670
geographic data and information,Q5915793
geobia,Q18584194
thermography,Q624587
waste heat,Q288706
google earth,Q42274
gazetteer,Q1006160
cost-effectiveness analysis,Q1754768
efficiency,Q1034411
moose,Q35517
social activity,Q7550911
ungulate,Q1231177
determination (biology),Q7201519
teaching method,Q1813494
constructive alignment,Q5164487
peer assessment,Q2067088
reflective writing,Q7307325
self-assessment,Q1602656
performance,Q35140
attention,Q6501338
memory,Q492
time,Q11471
change detection,Q25389927
fresh water,Q102192
invasive species,Q183368
conservation biology,Q641498
po valley,Q202207
social perception,Q177603
cyberinfrastructure,Q1450531
trend,Q341344
record,Q399857
wildlife,Q241741
herpetology,Q174416
north carolina,Q1454
south carolina,Q1456
housing,Q1247867
data,Q42848
economic development,Q4530482
surveillance,Q334401
environmental history,Q1561862
historical climatology,Q1620858
311,Q564280
e-government,Q211017
municipal services,Q6936366
online learning,Q15946010
folksonomy,Q494291
social web,Q2724244
wiki,Q171
meteorite,Q60186
meteoroid,Q7012
meteoroid,Q7012
zodiacal light,Q204079
health web science,Q22908849
health 2.0,Q1538635
web science,Q579439
image stitching,Q1364242
character,Q225819
extrapolation,Q744069
secondary education,Q14623204
nunavut,Q2023
indigenous mapping,Q85850773
trail,Q628179
attitude,Q758200
conceptual model,Q2623243
systems design,Q3750474
dust,Q165632
cratering,Q28150144
digital image processing,Q1070689
moon,Q405
domain,Q200975
landslide,Q167903
national,Q411842
threshold,Q359787
collection (artwork),Q7328910
natural history museum,Q1970365
neon,Q654
open data,Q309901
azores bullfinch,Q786784
bird atlas,Q2869478
diatom,Q162678
hobby,Q47728
ireland,Q22890
environmental impact assessment,Q320389
stereophonic sound,Q34678
methodology,Q185698
affect,Q1184551
emotion,Q9415
religion,Q9174
network,Q20830730
connectome,Q1292103
theory of planned behavior,Q2290753
barbados,Q244
environmental change,Q16934857
vienna,Q1741
list of file formats,Q914874
environmental data,Q5381206
disaster response,Q5281355
semantic geospatial web,Q22908625
investigation,Q345847
citygml,Q1093900
biocomplexity,Q3324096
biohacking,Q22328351
ethical code,Q2264133
igem,Q5970963
transatlantic,Q1437504
ethology,Q7155
seawifs,Q2261857
colorimetry,Q374535
spectral bands,Q2882278
natural language,Q33742
environmental communication,Q5381198
hymenoptera,Q22651
conservation psychology,Q5162995
evaluation,Q1379672
invertebrate,Q43806
acid rain,Q40178
calcium,Q706
forest,Q4421
soil,Q36133
representation,Q249614
wikipedia,Q52
internet geography,Q23581204
green roof,Q48741
green roof,Q48741
living wall,Q6659572
reconciliation ecology,Q614335
urban ecosystem,Q2067951
local community,Q490933
structuration theory,Q1768288
agriculture,Q11451
agriculture,Q11451
carretera,Q32067692
insect,Q1390
insect,Q1390
road,Q34442
tettigoniidae,Q727919
mitigation,Q6881760
algal bloom,Q326139
eutrophication,Q156698
oral history,Q558929
total suspended solids,Q3995966
information,Q11028
access,Q338902
trust,Q226283
red sea,Q23406
list of underwater divers,Q6644213
downscaling,Q682831
architectural conservation,Q2193950
coyote,Q44299
suburb,Q188509
outreach,Q11640
finland,Q33
dung beetle,Q861966
earthworm,Q124378
experiment,Q101965
distance sampling,Q5282869
zambezi,Q43106
evacuation simulation,Q1379598
conservation biology,Q641498
fresh water,Q102192
northern crested newt,Q138539
erinaceidae,Q28257
benefit,Q444986
physical activity,Q747883
urban park,Q22746
train of many metals,Q39087136
spider,Q1357
indicator,Q226621
viewshed,Q7928832
dasymutilla,Q5227020
diadasia,Q4037289
mutillidae,Q252363
oklahoma,Q1649
sig,Q354799
log analysis,Q6666826
outline of object recognition,Q1971661
shape,Q207961
invertebrate,Q43806
mci,Q359443
wimp,Q188074
water quality,Q625376
opportunity structures,Q7098607
resource mobilization,Q7315830
count data,Q5176731
overdispersion,Q7113620
spatial analysis,Q1938983
camera trap,Q1723004
cyberinfrastructure,Q1450531
geotagging,Q852595
distance decay,Q5282864
cycling,Q53121
friedrich nietzsche,Q9358
great barrier reef,Q7343
experiential knowledge,Q5421070
expert witness,Q663272
feminist theory,Q4810748
emergency management,Q1460420
scenario analysis,Q1432969
image resolution,Q210521
html5,Q2053
data,Q42848
web application,Q189210
arizona,Q816
intermittency,Q1666248
perennial plant,Q157957
natural resource management,Q3743137
sustainability,Q219416
built environment,Q4986688
citizen science,Q1093434
environmental stewardship,Q5381363
italy,Q38
georeferencing,Q772007
online platform,Q30229606
phytogeography,Q771220
wildlife observation,Q8001347
case study,Q155207
feedback,Q183635
neurotechnology,Q3305355
responsibility,Q1274115
preparedness,Q4583103
response,Q1650182
municipality,Q15284
psp,Q224498
supernova,Q3937
black sparrowhawk,Q1264152
hooded crow,Q25405
carrion crow,Q26198
google images,Q521550
hybrid zone,Q10395284
polymorphism,Q2765105
western barn owl,Q30588436
american black bear,Q122783
tracking system,Q4420972
service,Q232576
three-dimensional space,Q34929
virtual globe,Q577697
web application,Q189210
mobile app,Q620615
geographic data and information,Q5915793
health surveillance,Q30671664
informal education,Q2893573
educational technology,Q1068473
volunteer computing,Q2367171
woman,Q467
human development,Q3045487
bayesian network,Q812540
impact evaluation,Q17055852
sentiment analysis,Q2271421
biocoenosis,Q184806
citizen science,Q1093434
kernel density estimation,Q458825
spatial–temporal reasoning,Q6584132
spatial relation,Q2178623
marine debris,Q463960
united arab emirates,Q878
shanty town,Q1294703
topic model,Q3532085
mobile backend as a service,Q4839609
data science,Q2374463
wildlife conservation,Q766328
semantic integration,Q7449064
contributor,Q7727493
boundary-work,Q4949910
hybridity,Q1253260
liminality,Q1825499
child,Q7569
natural environment,Q43619
method,Q28146826
berlin,Q64
urban heat island,Q215712
pollinator,Q1141466
data fusion,Q456962
chlorophyll fluorescence,Q1075297
open-source hardware,Q159172
phenomics,Q6497275
photosynthesis,Q11982
soundscape,Q1358257
beekeeping,Q176353
western honey bee,Q30034
beekeeping,Q176353
sustainability,Q219416
data storage,Q193395
transformative learning,Q7834111
diameter at breast height,Q973582
observational error,Q196372
urban forest,Q1197552
list of things named after thomas bayes,Q6643312
feather,Q81025
isotopes of hydrogen,Q466603
international union for conservation of nature,Q48268
western ghats,Q4527
innovation system,Q2467367
sustainable city,Q652360
sustainable business,Q295382
random forest,Q245748
craigslist,Q788500
urban economics,Q385256
web scraping,Q665452
knowledge,Q9081
openness,Q1683540
agent-based model,Q392811
participatory modeling,Q7140455
system dynamics,Q598451
india,Q668
supervised learning,Q334384
field experiment,Q1283519
ground truth,Q370766
label,Q722218
sousveillance,Q1479702
leadership,Q484275
natural resource economics,Q3299701
vernal pool,Q1103796
batesian mimicry,Q2111075
saudi arabia,Q851
point of interest,Q960648
data mining,Q172491
formalization,Q23899718
flower,Q506
fruit,Q1364
immunization,Q1415366
parenting,Q1326354
geoportal,Q1503337
time series,Q186588
spatial analysis,Q1938983
spatial inequality,Q7574067
nature,Q7860
quantitative analysis,Q413469
urban green space,Q98603403
urbanization,Q161078
validity,Q1181969
panel data,Q857354
no frills,Q1365464
sensor,Q167676
wearable,Q19929787
invasive species,Q183368
natural history,Q484591
tree health,Q7837582
population growth,Q386191
density,Q29539
occupancy,Q7075743
white-tailed deer,Q215887
white-tailed deer,Q215887
blue economy,Q3738312
blue economy,Q3738312
data warehouse,Q193351
mhealth,Q17069079
eradication,Q16775599
angler,Q540347
invasion,Q467011
reservoir,Q131681
spread,Q1510102
particulates,Q498957
cybertracker,Q1147213
tracking,Q237984
gravity model,Q5598083
social preferences,Q7551312
false positives and false negatives,Q18207010
false positives and false negatives,Q18207010
basal area,Q830384
mobile app,Q620615
barrier,Q406977
enablers,Q5375149
participatory modeling,Q7140455
spain,Q29
cultural landscape,Q1129474
interdisciplinarity,Q849359
plateau pika,Q1366839
air pollution,Q131123
community organization,Q3269648
ozone,Q36933
pollution,Q58734
iucn red list,Q32059
app,Q59350
recreation,Q184872
standard,Q1640121
geographic data and information,Q5915793
civic engagement,Q4116870
text mining,Q676880
semi-supervised learning,Q1041418
geograph britain and ireland,Q1503119
panoramio,Q239516
thailand,Q869
image analysis,Q860755
risk,Q104493
tsunami,Q8070
3d printing,Q229367
ocean,Q9430
environmental factor,Q2142347
brown dwarf,Q101600
proper motion,Q193223
sidewalk,Q177749
frog,Q53636
kernel density estimation,Q458825
qgis,Q1329181
snake,Q2102
automated species identification,Q4826479
tetropium,Q4456709
land consolidation,Q2113013
acute oak decline,Q4677941
dispersal,Q5282565
publication,Q732577
program evaluation,Q1061410
hotspot,Q224674
nest box,Q744112
defoliant,Q53744
health and usage monitoring systems,Q17126099
disease outbreak,Q3241045
pest,Q235306
pine processionary,Q261025
point cloud,Q1899648
air pollution,Q131123
indoor air quality,Q905504
central asia,Q27275
grassland,Q1006733
kyrgyzstan,Q813
land degradation,Q3497778
pastoralism,Q9056738
pasture,Q30121
productivity,Q2111958
environmental modelling,Q30716071
city,Q515
evolutionary models of food sharing,Q30324860
spatiotemporal pattern,Q22908968
cultural heritage,Q210272
middle east,Q7204
drainage basin,Q166620
nitrate,Q182168
phosphate,Q46220103
bayesian network,Q812540
email spam,Q13512320
spatial,Q7574031
co-production,Q5168934
nepal,Q837
color,Q1075
hue,Q372948
msi,Q226377
stable isotope ratio,Q17148629
telemetry,Q209867
township,Q19610511
transport,Q7590
peer production,Q797769
image segmentation,Q56933
naive bayes classifier,Q812530
whale shark,Q80378
protocol,Q1584993
tweet,Q412385
regional variation,Q3042982
environmental movement,Q8189417
information and communications technology,Q5268834
sustainable development,Q131201
scientific literature,Q17327049
social network,Q2715623
large skipper,Q934570
essex skipper,Q778932
small skipper,Q901535
food system,Q5465532
exposure assessment,Q4008388
wireless sensor network,Q336038
multi-user software,Q876057
tool,Q39546
workflow,Q627335
dimension,Q4440864
natural disaster,Q8065
capacity building,Q1417724
community mobilization,Q5154987
decentralization,Q188961
health services research,Q2518253
foundation species,Q1090520
web,Q365089
mycotoxin,Q422449
kibera,Q579521
hazard,Q1132455
maximum entropy,Q6795890
marcellus formation,Q1554536
extinction debt,Q3024797
soil type,Q10926413
ahp,Q236801
conservation development,Q5162955
brown marmorated stink bug,Q3270185
mobile app,Q620615
fire,Q3196
salmonidae,Q184238
human sensing,Q24962910
geostatistics,Q1440020
16s rrna,Q4552001
bioinformatics,Q128570
case study,Q155207
design science (methodology),Q3475740
microplastics,Q6839919
alliaria petiolata,Q160097
berberis thunbergii,Q158397
celastrus orbiculatus,Q259033
elaeagnus umbellata,Q367242
frangula alnus,Q146136
lythrum salicaria,Q157513
microstegium vimineum,Q5699638
reynoutria japonica,Q18421053
rosa multiflora,Q133617
bayesian probability,Q812534
consensus model,Q62129360
information extraction,Q1662562
numpy,Q197520
scikit-learn,Q1026367
scipy,Q197492
turbidity,Q898574
igo,Q445110
ssa,Q296510
bali,Q3125978
marine spatial planning,Q2194035
stakeholder engagement,Q2930198
mobile telephony,Q992968
ocean,Q9430
plastic pollution,Q7202090
plastic,Q11474
portal,Q227739
golden eagle,Q41181
raptor,Q137956
activity,Q241636
physics education,Q1294199
pollution,Q58734
malta,Q233
colored dissolved organic matter,Q986090
action research,Q1897444
customer engagement,Q5196451
participatory design,Q1038171
tabletop,Q2386583
social exclusion,Q5853064
open collaboration,Q15930270
environmental restoration,Q3769912
partnership,Q728646
science 2.0,Q7433483
food justice movement,Q30715892
behavior change,Q4880694
environmental psychology,Q618752
persuasive technology,Q2902255
landscape connectivity,Q6485081
r0,Q1209157
transmission,Q16279981
cross-layer optimization,Q3698644
multipath routing,Q5035396
schedule,Q7271585
research,Q42240
multimedia,Q131765
collective action,Q1471594
telecommunications network,Q1068715
complex adaptive system,Q581233
geographic data and information,Q5915793
indoor,Q16886316
positioning,Q1222181
visual comparison,Q7936592
halo effect,Q840537
land management,Q2001056
delaunay triangulation,Q192445
external validity,Q1057880
sampling (statistics),Q49908
ices,Q561927
polar ice cap,Q1286914
surface,Q55634432
serious game,Q1506693
computation,Q12525525
data processing,Q6661985
structural biology,Q908902
annotation,Q857525
environmental factor,Q2142347
lead poisoning,Q110315
self-organization,Q609408
urban planning,Q69883
kenya,Q114
text messaging,Q17166101
water level,Q1929501
water resource management,Q1501619
comparison,Q1720648
open system,Q344399
lifelong learning,Q368475
adolescent health,Q8059302
biology,Q420
component,Q226635
american red cross,Q470110
ebola,Q51993
spatial cognition,Q2178611
information cascade,Q6031027
information theory,Q131222
social machine,Q17004857
learning curve,Q1368723
nectar,Q171934
web search engine,Q4182287
cenchrus ciliaris,Q2715047
prism,Q165896
red-crowned crane,Q232906
spatial heterogeneity,Q7574066
umbrella species,Q3044032
ant,Q7386
formica rufa,Q148769
poisson,Q232463
information and communications technology,Q5268834
virtual organization,Q16909857
stream,Q47521
bedform,Q4879253
intermittent river,Q21079327
water framework directive,Q1462895
level of detail,Q1821756
scale,Q393789
retrofitting,Q24662
thermal comfort,Q774514
inundation,Q301869
critical data studies,Q28455673
no frills,Q1365464
traffic,Q4323994
christchurch,Q79990
urban agriculture,Q1194826
jellyfish,Q30178
portugal,Q45
upwelling,Q215915
aquaculture,Q188989
bloom,Q885313
gelatin,Q179254
predation,Q170430
reproduction,Q11990
review,Q265158
trophic,Q17504281
polychlorinated biphenyl,Q211171
food web,Q1775153
socio-ecological system,Q7552762
greenspace,Q5604552
cartographic generalization,Q1501867
incremental update,Q98066161
koffiekraal,Q15238816
historic preservation,Q914856
open government,Q720829
theories of urban planning,Q1641312
biotope,Q175208
centrarchidae,Q647004
tweet,Q412385
pagerank,Q184316
trust metric,Q7848173
systems design,Q3750474
inaturalist,Q16958215
specimen,Q1688874
precision,Q2108242
cockatoo,Q31448
island,Q23442
parrot,Q31431
psittacidae,Q8327
puerto rico,Q1183
deliberation,Q358652
urban,Q225719
awareness,Q4338318
node,Q2128997
platform,Q224617
openstreetmap,Q936
xml,Q2115
xquery,Q850661
geographic data and information,Q5915793
invasive species,Q183368
invasive species,Q183368
speed,Q3711325
vehicle,Q42889
conversion,Q235969
consumer,Q22855
government,Q7188
municipality,Q15284
3d,Q29027
occipital bone,Q16317
phenomenology,Q347861
psychoacoustics,Q557399
virtual reality,Q170519
acoustic ecology,Q4674681
thick description,Q1186544
belize,Q242
caribbean,Q664609
central america,Q27611
marine debris,Q463960
markov chain monte carlo,Q1191869
ornithology,Q44703
online community,Q6576792
leisure,Q180910
forestry,Q38112
preference,Q908656
astacidae,Q943248
indigenous (ecology),Q169480
abu dhabi,Q1519
united arab emirates,Q878
art history,Q50637
open standard,Q681263
palestine,Q1176995
israel,Q801
fisheries science,Q1420050
interaction,Q52948
laypeople,Q407027
agency (sociology),Q4691992
similarity,Q254390
landmark,Q4895393
black carbon,Q3233590
noise,Q179448
milan,Q490
urban park,Q22746
interaction,Q52948
affirmative action,Q214244
biomonitoring,Q864610
biotic index,Q1986356
invertebrate,Q43806
river,Q4022
visitor management,Q7936338
sweden,Q34
bird migration,Q216507
health care,Q31207
medical robot,Q6806593
introduced species,Q1065449
control,Q417861
invasive,Q4169795
pathway,Q1984527
qualitative,Q3412834
spatial contextual awareness,Q7574053
competition,Q476300
knowledge economy,Q830170
science and technology studies,Q2445082
red drum,Q2168496
andes,Q5456
tourism,Q49389
geographic information system,Q483130
geographic information retrieval,Q5535057
text processing,Q14802672
observer,Q401355
phenotype,Q104053
variability,Q537939
agreement,Q342425
dark matter,Q79925
categorical variable,Q2285707
monitoring and evaluation,Q18390984
endangered species,Q11394
sea turtle,Q219329
voluntary sector,Q1063076
online game,Q116634
parallel computing,Q232661
jerusalem,Q1218
data retrieval,Q4368942
language proficiency,Q2390977
ensemble,Q63330882
latent class model,Q1806878
commensalism,Q191934
herbivore,Q59099
mutualism,Q341059
oxpecker,Q644442
site selection,Q7531796
hotspot,Q224674
multiple-scale analysis,Q6934874
benthos,Q182238
food web,Q1775153
bird vocalization,Q1126556
passerine,Q25341
pitch,Q340394
geovisualization,Q58300
western jackdaw,Q25394
rose-ringed parakeet,Q208060
marine mammal,Q382441
bikeability,Q4907363
aerial survey,Q4688034
open-source hardware,Q159172
sousveillance,Q1479702
soft-shell clam,Q20958
commission,Q1780244
omission,Q7090216
geotagged photograph,Q1368751
hydrological model,Q1586683
snow,Q7561
catostomidae,Q826807
czech republic,Q213
didymosphenia geminata,Q150385
discharge,Q450004
severity,Q7457910
forrest bird,Q1437958
template matching,Q3983303
landsat program,Q849791
earth science,Q8008
laser,Q38867
polar regions of earth,Q60670
steam,Q3251738
outdoor,Q2041907
journey planner,Q350882
data publishing,Q17051824
personal trainer,Q762121
supervision,Q1175042
cloud platform,Q5135711
mitochondrial dna,Q27075
restoration ecology,Q2428433
sanjiangyuan,Q840229
unmanned aerial vehicle,Q484000
capability,Q5034462
safeguarding,Q5097921
ecoinformatics,Q352681
scalability,Q727490
analysis,Q217602
adaptive behavior,Q1570691
decision support system,Q330268
noise,Q179448
cycling,Q53121
internet geolocation,Q916335
quality of life (healthcare),Q7268788
multiple sclerosis,Q8277
data cleansing,Q1172378
national ambient air quality standards,Q6970339
inhalation exposure,Q6033622
volatile organic compound,Q910267
yelp,Q2299611
word2vec,Q22673982
santiago,Q2887
online community,Q6576792
higher education,Q136822
android (operating system),Q94
prevention,Q5611828
sustainable development goals,Q7649586
audio processing,Q4819881
convolutional neural network,Q17084460
deep learning,Q197536
acoustic ecology,Q4674681
inter-rater reliability,Q470749
paid survey,Q4896936
wolf,Q18498
cost,Q240673
dna,Q7430
emydidae,Q390835
survey methodology,Q814232
trachemys,Q385417
compromise,Q726686
tarkine,Q2364946
disaster recovery,Q1140205
multimethodology,Q6934800
luc,Q228144
decision support system,Q330268
prioritization,Q11888847
seafloor mapping,Q28231895
earth science,Q8008
infrastructure,Q121359
coral disease,Q48997803
climate change,Q7942
heat wave,Q215864
heracleum sosnowskyi,Q2600107
hogweed,Q1088557
komi republic,Q2073
type–token distinction,Q175928
ecotourism,Q187449
kurdistan,Q41470
administrative division,Q56061
open data,Q309901
waste management,Q180388
human-based computation game,Q1493064
artificial intelligence,Q11660
traffic bottleneck,Q3111645
traffic congestion,Q244156
transport,Q7590
api,Q165194
benefit,Q444986
sanitation,Q949149
marine ecosystem,Q3304561
hydraulic fracturing,Q890794
ecosystem,Q37813
shale gas,Q564726
strategic environmental assessment,Q63871
hogwarts staff,Q221726
latent semantic analysis,Q1806883
jaguar,Q35694
drainage basin,Q166620
wildlife management,Q580178
island conservation,Q25831303
quarantine,Q182899
random forest,Q245748
anthropocene,Q26841
lifeworld,Q1502991
planetary boundaries,Q961310
affinity space,Q4688985
audiovisual education,Q4819934
construct,Q5164389
measure,Q11052334
resident,Q2145687
landfill,Q152810
phosphorus,Q674
reservoir,Q131681
nicolaus copernicus,Q619
information integration,Q17092450
public transport planning,Q7258027
sampling bias,Q2725298
geometric mean,Q185049
sampling (statistics),Q49908
pennsylvania,Q1400
local government,Q6501447
land use,Q1165944
computational social science,Q16909867
precision agriculture,Q740083
visual analytics,Q2528440
relation,Q230259
baci,Q2878348
stream restoration,Q5398938
citizen sourcing,Q5122605
civic technology,Q17386807
user-centered design,Q1136996
real-time computing,Q3988
mobile app,Q620615
bird,Q5113
checklist,Q922625
documentation,Q788790
inspiration,Q346679
hackathon,Q46855
api,Q165194
maintenance,Q906409
fowl cholera,Q707574
common eider,Q26696
nunavik,Q1074865
emergency,Q5070802
sem,Q233287
bin packing problem,Q814581
mobility,Q97609912
sustainable transport,Q1364310
controversy,Q1255828
corporate social responsibility,Q218600
engineer,Q81096
mining,Q44497
extraction,Q176467
justice,Q5167661
subterranean,Q18544986
underground,Q233846
context,Q1382703
socio-scientific issues,Q7552773
demographic analysis,Q4157636
delphi,Q75459
dispersed knowledge,Q5282576
foresight,Q14595968
reputation,Q877546
trust (social science),Q659974
geometry,Q8087
mobile technology,Q6887246
tablet,Q298745
infotainment,Q40632
bee,Q7391
introduced species,Q1065449
legality,Q2307054
convolutional neural network,Q17084460
multimedia information retrieval,Q6934776
transfer learning,Q6027324
word embedding,Q18395344
air pollution,Q131123
linked data,Q515701
toponymy,Q485762
wikidata,Q2013
latha,Q20815486
mousavi (surname),Q1951031
word,Q8171
bicycle-sharing system,Q1358919
organization,Q43229
anthroposphere,Q574518
ecosphere,Q2930579
tig,Q404628
rosa,Q223878
list of pests and diseases of roses,Q3420237
bleach,Q11587
mitotic index,Q4296711
symbiodinium,Q10375461
semantics,Q39645
debris disk,Q1326555
wise,Q295091
voronoi diagram,Q757267
oceanography,Q43518
science,Q336
deep sea,Q1070117
video,Q34508
video content analysis,Q1407599
adriatic sea,Q13924
early warning system,Q5326904
introduced species,Q1065449
adolescence,Q131774
community-based participatory research,Q5154595
cosmetics,Q131207
fukushima daiichi nuclear disaster,Q171178
risk governance,Q8964474
categorization,Q912550
out-of-home advertising,Q587743
positive-definite kernel,Q7233207
aries,Q235939
wilderness,Q911871
topology,Q42989
botswana,Q963
e-science,Q1273268
geospatial metadata,Q1477538
human dynamics,Q5937740
libya,Q1016
name change,Q2343619
social change,Q1510761
online participation,Q7094107
bamenda,Q528432
predictive power,Q10350689
gazetteer,Q1006160
geobrowsing,Q5533955
media studies,Q165650
web mapping,Q649186
spatial turn,Q1658414
human–computer interaction,Q207434
geographic data and information,Q5915793
pattern recognition,Q378859
cooperation,Q380962
interdisciplinarity,Q849359
urban area,Q702492
urban area,Q702492
hirise,Q1036092
building,Q41176
free and open-source software,Q506883
nasa worldwind,Q840415
virtual globe,Q577697
event,Q1297532
algebra,Q3968
functional programming,Q193076
callitris columellaris,Q1988747
heritage tree,Q5739210
cyprus,Q229
community management,Q1120635
self-determination theory,Q1433910
social identity theory,Q1540351
digital collaboration,Q5275814
tv tropes,Q2537428
biosphere,Q42762
distributed computing,Q180634
mobile game,Q1121542
mapreduce,Q567759
civil society organization,Q60793921
representative democracy,Q188759
social accounting,Q2990825
asynchrony,Q2868724
chaos,Q224161
wildfire,Q169950
cluster,Q224419
dating,Q654810
haplotype,Q80711
mitochondrial dna,Q27075
mutation,Q42918
whole genome sequencing,Q2068526
y chromosome,Q202771
chestnut,Q129324
workforce,Q13440398
sustainable transport,Q1364310
emerging technologies,Q120208
artificiality,Q14623823
game,Q11410
ingress,Q15820139
informal learning,Q361428
lifelong learning,Q368475
lurker,Q432335
grenada,Q769
bioremediation,Q816441
marine biology,Q7173
molecular biology,Q7202
warning system,Q1427940
traffic,Q4323994
capacity building,Q1417724
cognitive skill,Q5141241
ethnography,Q132151
hong kong,Q8646
postcolonialism,Q265425
sydney,Q3130
astrobiology,Q411
extraterrestrial intelligence,Q15107669
institutional theory,Q16252774
pathology,Q7208
spatial memory,Q3560550
visual communication,Q1899679
confounding,Q1125472
multivariate statistics,Q1952580
observational study,Q818574
propensity score matching,Q7250160
stratification,Q911626
virtual community,Q210980
list of banana and plantain diseases,Q6607069
extension,Q295785
mobile phone,Q17517
compact city,Q225467
melbourne,Q3141
neighbourhood character,Q6988160
g scale,Q3275296
digital platform,Q64358147
service design,Q532781
map,Q4006
experiential learning,Q1307600
water resources,Q1049799
natural-language generation,Q1513879
photograph,Q125191
artificial neural network,Q192776
support vector machine,Q282453
environmental policy,Q919526
information system,Q121182
policy,Q1156854
data-driven,Q5227278
hydraulics,Q177784
socioeconomics,Q1643441
chronology,Q130788
ecosystem service,Q295865
wildfire,Q169950
emergency management,Q1460420
knowledge representation and reasoning,Q3478658
non-representational theory,Q4317369
umwelt,Q2572474
disability,Q12131
visual impairment,Q737460
accumulation by dispossession,Q3848604
commodification,Q1780322
everyday life,Q1129653
performance appraisal,Q1430184
byzantine empire,Q12544
commingling,Q525344
paleopathology,Q676092
energy,Q11379
hydraulic fracturing,Q890794
imaginary element,Q6002514
scientism,Q193626
mouse lemur,Q4377
model organism,Q213907
mouse lemur,Q4377
mobile media,Q6887171
placemaking,Q7200277
safety,Q10566551
selfie,Q12068677
neuroenhancement,Q1801475
citizenship,Q42138
volontaire,Q48672480
anonymity,Q308859
internet-mediated research,Q6055997
mental health,Q317309
political economy,Q47555
state (polity),Q7275
data aggregation,Q16773055
damage,Q481609
forecasting,Q7216332
apache hadoop,Q29120
brown marmorated stink bug,Q3270185
thematic map,Q1502030
pentatomidae,Q652142
rapid prototyping,Q1128971
computer vision,Q844240
cell culture,Q189082
mobile technology,Q6887246
nonprofit organization,Q163740
hornbill,Q26773
singapore,Q334
crisis mapping,Q13476292
humanities,Q80083
public service,Q161837
world wide web,Q466
time domain astronomy,Q17140822
methods of detecting exoplanets,Q591022
educational aims and objectives,Q939957
data model,Q1172480
quiet area,Q97353851
sound recording and reproduction,Q20077126
soundwalk,Q16909059
noise map,Q2940627
indigenous peoples,Q103817
tree inventory,Q17130591
self-determination theory,Q1433910
collective,Q13473501
experiment,Q101965
sentinel-2,Q4302480
crawler,Q5182958
european multidisciplinary seafloor and water column observatory,Q17075202
multivariate statistics,Q1952580
youth,Q190007
video game,Q7889
biopsychosocial model,Q2725568
nosology,Q845300
ethics,Q9465
reverse geocoding,Q3123248
scientific collaboration network,Q18207539
scientific integrity,Q91248609
collision,Q238053
mortality,Q28942704
vertebrate,Q25241
fossil fuel,Q12748
petrochemical,Q1364904
cumulative incidence,Q1106825
connectivity,Q2993476
fragmentation,Q297903
metapopulation,Q954495
sustainable community,Q7649643
co-creation,Q2270945
participatory design,Q1038171
list of toolkits,Q17004273
active mobility,Q4010939
fishing tournament,Q5455087
pterois,Q475711
mile,Q253276
red lionfish,Q824672
red squirrel,Q4388
acropora,Q292100
coral reef,Q11292
recovery,Q448645
common swift,Q25377
common house martin,Q26055
population,Q2625603
technology acceptance model,Q112945
angling,Q1194492
coastal management,Q1316027
seagrass,Q646660
south australia,Q35715
place-based education,Q7200204
bioart,Q2561815
biohacking,Q22328351
aerial survey,Q4688034
alberta,Q1951
moose,Q35517
mobile app,Q620615
coral,Q171446
island,Q23442
reef,Q184358
complexity measure,Q27787204
computational complexity,Q5157286
criticality,Q357388
metal,Q11426
contamination,Q60528603
sediment,Q180184
suspended load,Q4110347
bicknell's thrush,Q18969
population projection,Q2369019
green sea turtle,Q199458
hawksbill sea turtle,Q203538
green sea turtle,Q199458
hawksbill sea turtle,Q203538
killer whale,Q26843
wicked problem,Q2891260
likelihood function,Q45284
parasitoid,Q595663
ecological niche,Q172861
natural history,Q484591
nature deficit disorder,Q1146099
pokémon,Q864
algae,Q37868
ecological assessment,Q5333223
triage,Q780067
lucas,Q224094
asbestos,Q104085
environmental toxicology,Q3995923
ontological turn,Q65118260
semiotic anthropology,Q7449584
active living,Q4677564
neighbourhood,Q123705
autonomous underwater vehicle,Q257406
asv,Q298093
diver propulsion vehicle,Q575986
ratite,Q19170
library,Q7075
soundscape ecology,Q7564965
soundscape ecology,Q7564965
restoration ecology,Q2428433
community college,Q1336920
astrophysics,Q37547
meteorology,Q25261
solar eclipse,Q3887
eclipse,Q141022
neotropical realm,Q217151
olinguito,Q14592562
procyonidae,Q147114
plan,Q1371819
wetland,Q170321
hemispherical photography,Q5712104
gulf of mexico,Q12630
manatee,Q42797
blue shark,Q26337
entanglement,Q395376
marine debris,Q463960
list of threatened sharks,Q17119249
british columbia,Q1974
bobcat,Q131907
canada lynx,Q146457
canada lynx,Q146457
bobcat,Q131907
marine,Q975041
marine mammal,Q382441
absorption spectroscopy,Q13553575
cryptogenic species,Q5190924
anaspidea,Q82982
colorimetric analysis,Q5149058
fetal alcohol spectrum disorder,Q400277
intellectual disability,Q183560
colorado,Q1261
coyote,Q44299
denver metropolitan area,Q2750084
hazing,Q879295
blue carbon,Q4930066
tricolored blackbird,Q890921
legal high,Q50414455
netnography,Q3083754
digitization,Q843958
registry,Q847805
clinical study design,Q17007018
data validation and reconciliation,Q5227367
culture,Q11042
slash-and-burn,Q622543
ecohydrology,Q2363192
earthquake,Q7944
risk reduction,Q7336297
science policy,Q904708
altmetrics,Q14565201
google trends,Q847115
reinforcement,Q1321905
sexual selection,Q206913
green infrastructure,Q3427027
weather radar,Q863343
behavior change,Q4880694
sustainable living,Q3569631
vector (epidemiology),Q107994
nuisance,Q1156462
subsampling,Q7631944
behavior,Q9332
shrike,Q171052
bycatch,Q814689
ghost net,Q3268044
democratization of knowledge,Q1972558
patient advocacy,Q7144984
economics,Q8134
food industry,Q540912
bayesian inference,Q812535
epistemic modal logic,Q1347436
philosophy of information,Q2629585
social epistemology,Q3589301
ecosystem,Q37813
insect,Q1390
tree allometry,Q2838628
nanotechnology,Q11468
narrative ethics,Q16924323
taste,Q124794
cancer,Q12078
crowdsourcing,Q275969
diffusion of innovations,Q304994
neoplasm,Q1216998
slum upgrading,Q7542289
information system,Q121182
fungus,Q764
mushroom,Q83093
koala,Q36101
crowd,Q13430821
reward,Q1378182
prairie,Q194281
camouflage,Q196113
color vision,Q374259
sensory ecology,Q7451127
humpback whale,Q132905
ecosystem,Q37813
end-user development,Q500467
metadesign,Q3855528
bioindicator,Q864438
ecological indicator,Q3150128
adult learner,Q3566099
flipped classroom,Q80267
cluster analysis,Q622825
sedentary lifestyle,Q1349358
walking,Q6537379
natural gas,Q40858
oil,Q42962
open-source hardware,Q159172
shark,Q7372
spatial ecology,Q3578586
acorns,Q54603935
berry,Q16128920
fruit,Q1364
ct scan,Q32566
pest (organism),Q219174
horseshoe,Q192130
pierre-simon laplace,Q44481
multicollinearity,Q1332350
in situ,Q216681
night,Q575
plankton,Q25367
science outreach,Q7433714
building,Q41176
glass,Q11469
tobler's first law of geography,Q3436744
healthy food,Q25099819
obesity,Q12174
photovoice,Q7187937
ethnobiology,Q2375831
ethnobotany,Q841408
participatory video,Q7140466
direct-to-consumer,Q368344
law,Q7748
language,Q315
multilingualism,Q30081
norway,Q20
common carp,Q81110
house finch,Q25170208
epidemic,Q44512
house finch,Q25170208
mycoplasma gallisepticum,Q150185
mycoplasma,Q210975
social network analysis,Q7551269
oak processionary,Q261008
content analysis,Q653137
hearing protection device,Q13405515
hearing protection device,Q13405515
lucanus cervus,Q190491
morimus funereus,Q1030028
reporting,Q7314162
rosalia longicorn,Q839571
native,Q424185
minecraft,Q49740
reproducibility,Q1425625
speech processing,Q3358061
acid sulfate soil,Q1923805
community resilience,Q3457767
hiv/aids,Q12199
disease,Q12136
exclusion,Q1383909
sustainable consumption,Q477335
fulgoridae,Q1955506
mainland southeast asia,Q43467
species description,Q1361864
polydictya,Q10636672
collaborative software,Q474157
rmon,Q1195500
global positioning system,Q18822
african wild dog,Q173651
resource selection function,Q48772752
controlled vocabulary,Q1469824
namespace,Q873636
hyporthodus nigritus,Q6405661
experiential education,Q20825837
mentorship,Q967647
stormwater,Q1421263
behavioural synchrony,Q30715278
coding,Q4226192
mobile app,Q620615
climate change,Q7942
africa,Q15
species distribution,Q250388
spider,Q1357
human-based computation game,Q1493064
aggression,Q191797
bird feeder,Q1441616
game theory,Q44455
biological specificity,Q1782625
woodpecker,Q25439
lyme disease,Q201989
oxygen saturation,Q6294669
geological survey,Q2915366
eurasian lynx,Q43375
animal migration,Q193145
image analysis,Q860755
college,Q189004
k–12,Q1151386
marchantiophyta,Q189808
university,Q3918
false positives and false negatives,Q18207010
interview,Q178651
wildlife corridor,Q864912
wild boar,Q58697
feral pig,Q844397
harvest,Q213753
wild boar,Q58697
rain,Q7925
introduced species,Q1065449
mammal,Q7377
reptile,Q10811
natterjack toad,Q622886
natterjack toad,Q622886
geoinformatics,Q918779
ionosphere,Q162219
radio propagation,Q1474701
outline of radio science,Q25303716
satellite,Q26540
social comparison theory,Q645999
signalling theory,Q249240
information model,Q1662581
environmental law,Q328798
overwintering,Q3138714
health policy,Q1519812
distributed knowledge,Q5283157
mass media,Q11033
food allergy,Q769815
immunoassay,Q759183
multiplex,Q298415
greedy algorithm,Q504353
toponymy,Q485762
transformation design,Q7834086
rare species,Q3503448
field research,Q1402508
invasive species,Q183368
experimental pragmatics,Q25052393
phylogenetic tree,Q242125
biomedicine,Q864601
pneumonia,Q12192
hierarchical database model,Q871236
abundance (ecology),Q336019
environmental impact assessment,Q320389
decision analysis,Q5249226
spatial variability,Q7574086
amateur radio,Q185727
amateur radio,Q185727
zebrafish,Q169444
mammal,Q7377
subsampling,Q7631944
trend,Q341344
radiation monitoring,Q7280357
allostatic load,Q4733156
chronic stress,Q3305232
electrodermal activity,Q1326834
leaflet,Q27792632
color analysis (art),Q1396469
heritage science,Q17023270
statistical model validation,Q65089264
collaboration,Q1145523
crowdsourcing,Q275969
geocoding,Q1346408
localization,Q251307
muck,Q237704
american kestrel,Q651545
american kestrel,Q651545
webcam,Q29576
destruction,Q1215780
fandom,Q773944
iphone,Q2766
pus,Q12829829
face-to-face interaction,Q17154285
heuristic evaluation,Q1616517
morphobank,Q6913429
phylogenetics,Q171184
alpine,Q227475
phonology,Q40998
systems architecture,Q477538
cartography,Q42515
pedestrian,Q221488
route,Q415384
precision agriculture,Q740083
phaseolus vulgaris,Q42339
himalayas,Q5451
information technology,Q11661
cosmic ray,Q11547
mpa,Q345118
tunisia,Q948
bioinformatics,Q128570
unified theory of acceptance and use of technology,Q7884986
epistemic injustice,Q48970669
storytelling,Q989963
orthoptera,Q167810
tourist attraction,Q570116
radiation,Q18335
atlanta,Q23556
ga,Q224461
time series,Q186588
coccinellidae,Q25327
bird strike,Q1057021
nexrad,Q3088597
wind power,Q43302
edible mushroom,Q654236
online database,Q7094076
fuzzy logic,Q224821
location-based game,Q819122
facial recognition system,Q1192553
mapillary,Q17985544
social engagement,Q1283504
breast cancer screening,Q17011492
kibera,Q579521
cetacea,Q160
spatial analysis,Q1938983
earth observation satellite,Q854845
civic engagement,Q4116870
marine pollution,Q1058325
maritime transport,Q155930
oil spill,Q220187
jizz,Q6203565
newt,Q10980893
early warning system,Q5326904
noise pollution,Q92251
sensor,Q167676
chemistry education,Q1069229
environmental chemistry,Q321355
toxicology,Q7218
dam,Q12323
river ecosystem,Q3578576
policy,Q1156854
heritage at risk,Q16983914
sharing,Q459221
open,Q351962
out-of-school learning,Q7111393
import and export of data,Q6007395
gravitational wave,Q190035
ligo,Q255371
dependency,Q183545
transmission (medicine),Q525512
dietary supplement,Q645858
source–sink dynamics,Q7565181
photobiology,Q908917
ultraviolet,Q11391
crowdsourcing,Q275969
trail,Q628179
near miss,Q11324166
acacia mearnsii,Q311430
eucalyptus,Q45669
invasive species,Q183368
pharynx,Q174778
respiratory tract,Q13400765
satellite imagery,Q725252
architecture,Q12271
real-time computing,Q3988
ozone layer,Q79995
solar irradiance,Q7556707
access control,Q228502
sea turtle,Q219329
nesting,Q6997884
synthetic-aperture radar,Q740686
boot socks,Q4943847
campylobacter,Q131488
gap analysis,Q1493820
listeriosis,Q160653
salmonellosis,Q326648
forest,Q4421
oomycete,Q223597
plant pathology,Q188956
american bullfrog,Q159404
coast horned lizard,Q2649486
red-eared slider,Q207839
southern alligator lizard,Q2096735
visualization,Q1696827
co,Q210804
no,Q22214356
amphibian,Q10908
audio,Q4650720
bird,Q5113
sound recording and reproduction,Q20077126
sar,Q224035
urban area,Q702492
boston,Q100
pokémon go,Q20966579
conjoint analysis,Q203973
honduras,Q783
plant breeding,Q788558
open government,Q720829
crested porcupine,Q262307
global citizenship,Q2785021
international volunteering,Q98793240
first flush,Q2181971
newater,Q6953635
tracer,Q447106
incline,Q364636
energy transition,Q795757
framework programmes for research and technological development,Q1438124
fitness,Q523402
community-based conservation,Q5154590
biodiversity hotspot,Q864294
representativeness heuristic,Q2167356
robustness,Q403605
anticipatory governance,Q28134689
honest broker,Q5893281
health equity,Q1512929
researchgate,Q754454
coi,Q413393
description,Q1200750
diagnosis,Q16644043
nephilinae,Q10670
environmentalism,Q2855609
opinion leadership,Q1850904
simulation,Q45045
vancouver island,Q170479
white-tailed ptarmigan,Q19055
land tenure,Q66493932
bird food,Q471236
bird feeder,Q1441616
bird feeding,Q756092
bird food,Q471236
bird food,Q471236
allyl isothiocyanate,Q419406
anthelmintic,Q572294
forest management,Q372561
biodiversity informatics,Q864269
dissemination,Q840576
trust metric,Q7848173
fusion,Q219285
building science,Q3741966
kinect,Q474334
power law,Q428971
chlorophyll,Q43177
nitrogen,Q627
pre-main-sequence star,Q1062509
child abuse,Q167191
pediatric nursing,Q1741837
kindergarten,Q126807
decommissioning,Q2349673
a-weighting,Q13583781
environmental noise,Q2478325
neanderthal,Q40171
scandinavia,Q21195
public participation geographic information system,Q7257947
astronomy education,Q22906503
robotic telescope,Q3982946
system integration,Q1665453
giant anteater,Q203033
pantanal,Q157603
herbarium,Q181916
persian leopard,Q729713
spatial dependence,Q7574058
stability,Q392536
diver,Q395524
scuba,Q3294712
temperature measurement,Q909741
underwater environment,Q3246517
user experience,Q1047808
information needs,Q2899888
human–computer interaction,Q207434
standardization,Q369577
patient participation,Q7144993
scale-rayed wrasse,Q2252025
wrasse,Q208722
skagerrak,Q1695
food science,Q1637030
personal genomics,Q7170583
optimal control,Q1971426
ultracold atom,Q7880521
structuration theory,Q1768288
mixture model,Q2260434
cscl,Q236113
european hedgehog,Q6145
data classification,Q5227255
philosophy,Q5891
complex system,Q854457
network science,Q2434424
truth,Q7949
minnesota,Q1527
crayfish,Q1211742
flagship species,Q1353106
elasmobranchii,Q194257
fishing,Q14373
ocean,Q9430
littoral zone,Q506894
birdwatching,Q685629
federal duck stamp,Q3312916
carbon dioxide,Q1997
ginkgo biloba,Q43284
paleoclimatology,Q191069
little owl,Q129958
agricultural land,Q3395383
standard deviation,Q159375
woodlouse,Q216191
identification key,Q218682
situation awareness,Q478123
indoor air quality,Q905504
bottlenose dolphin,Q149069
cetacea,Q160
kriging,Q225926
monarch butterfly,Q212398
monarch butterfly,Q212398
crowdcasting,Q5189173
botany,Q441
flower,Q506
fruit,Q1364
image,Q478798
leaf,Q33971
plant,Q756
retrieval,Q968112
visual system,Q558363
bark,Q342944
correlation and dependence,Q186290
evolutionary computation,Q1197129
microscopy,Q1074953
ranking,Q526719
score,Q411565
archive,Q166118
storage,Q13108060
parkland,Q411619
formal learning,Q11901653
service-learning,Q1597965
human rights,Q8458
social rationality,Q17149493
